DVD,LEAP OF FAITH,1
DVD,COCOON,2
DVD,TITANIC,3
DVD,MR. DEEDS,4
DVD,PRINCESS BRIDE - THE,5
DVD,PRIDE OF THE YANKEES - THE,6
DVD,TOP SECRET,7
DVD,RAINMAKER - THE,8
DVD,GENERAL'S DAUGHTER - THE,9
DVD,IN-LAWS - THE,10
DVD,DOG SITTER II,11
DVD,QUINCY - M.E. (SEASONS 1 & 2),12
DVD,MARX BROS. COLLECTION (7 MOVIES),13
DVD,BOSTON LEGAL (SEASON ONE),14
DVD,HOGAN'S HEROES (3RD SEASON),15
DVD,STEVE MARTIN BEST OF (SNL),16
DVD,VALLEY GIRL,17
DVD,NUTTY PROFESSOR - THE,18
DVD,WIZARD OF OZ - SP EDIT,19
DVD,WIZARD OF OZ - MUPPETS,20
DVD,SCARY MOVIE 3,21
DVD,THREE MUSKETEERS - THE,22
DVD,10 THINGS I HATE ABOUT YOU,23
DVD,MADACASCAR (T),24
DVD,ABYSS - THE,25
DVD,SUSPICION,26
DVD,AMERICAN HISTORY X,27
DVD,MEN IN BLACK,28
DVD,MEN IN BLACK II,29
DVD,ALIEN VS. PREDATOR,30
DVD,BAD SEED - THE,31
DVD,REAR WINDOW,32
DVD,JOSEPH AND THE AMAZING TCD,33
DVD,BREAKIN',34
DVD,FORREST GUMP,35
DVD,ROAD TO BALI,36
DVD,LOST BOYS - THE (T),37
DVD,GHOST BUSTERS,38
DVD,GHOST BUSTERS II,39
DVD,VERTIGO,40
DVD,GREASE II,41
DVD,MICHAEL JACKSON NUMBER ONES,42
DVD,HAPPY TEXAS,43
DVD,PRINCE OF DARKNESS,44
DVD,JACKET - THE,45
DVD,RESERVOIR DOGS (T),46
DVD,FRESHMAN - THE,47
DVD,HAPPY GILMORE,48
DVD,BILLY MADISON,49
DVD,GOOD WILL HUNTING,50
DVD,HAROLD AND MAUDE,51
DVD,WEDDING SINGER - THE,52
DVD,CLOCKWORK ORANGE - A,53
DVD,ANIMAL HOUSE,54
DVD,PLEASANTVILLE,55
DVD,THERE'S SOMETHING ABOUT MARY,56
DVD,ARMAGEDDON,57
DVD,RAISING ARIZONA,58
DVD,SAINT - THE,59
DVD,AIRPLANE,60
DVD,LETHAL WEAPON 3,61
DVD,GALAXY QUEST,62
DVD,RUDY,63
DVD,GREEN MILE - THE,64
DVD,RIGHT STUFF - THE,65
DVD,ROCK - THE,66
DVD,SHAWSHANK REDEMPTION - THE,67
DVD,3 DAYS OF THE CONDOR,68
DVD,UNCLE BUCK,69
DVD,WEST SIDE STORY,70
DVD,OUTLAW JOSEY WALES - THE,71
DVD,SOME LIKE IT HOT,72
DVD,GREAT SANTINI - THE,73
DVD,BODY HEAT,74
DVD,TRINITY  - TRINITY IS STILL MY NAME,75
DVD,SERIAL KILLERS - PROFILING THE CRIMINAL MIND,76
DVD,TRINITY  - THEY CALL ME TRINITY,77
DVD,AUSTIN POWERS,78
DVD,MASK OF ZORRO - THE,79
DVD,BOYS FROM BRAZIL - THE,80
DVD,LETHAL WEAPON,81
DVD,CHANCES ARE,82
DVD,MR. MOM,83
DVD,BLAZING SADDLES,84
DVD,ACE VENTURA PET DETECTIVE,85
DVD,GROUNDHOG DAY,86
DVD,NORTH BY NORTHWEST,87
DVD,SIXTEEN CANDLES,88
DVD,OLIVER,89
DVD,HOOSIERS,90
DVD,FAMILY MAN - THE,91
DVD,DUDE - WHERE'S MY CAR?,92
DVD,QUIGLEY DOWN UNDER,93
DVD,KINGPIN,94
DVD,SPACEBALLS,95
DVD,SIMPSONS - FIRST SEASON (2 DVDs),96
DVD,CATS & DOGS,97
DVD,DAVE,98
DVD,GONE IN 60 SECONDS,99
DVD,TERMINATOR,100
DVD,BLUE STREAK,101
DVD,GREAT ESCAPE - THE,102
DVD,INDEPENDENCE DAY,103
DVD,LITTLE SHOP OF HORRORS,104
DVD,ONE FLEW OVER THE CUCKOO'S NEST,105
DVD,HARRY POTTER AND THE SORCERER'S STONE,106
DVD,PURPLE RAIN,107
DVD,ROXANNE,108
DVD,61*,109
DVD,STARGATE,110
DVD,STEPMOM,111
DVD,SINGIN' IN THE RAIN,112
DVD,INTERVIEW WITH THE VAMPIRE,113
DVD,BEAUTY AND THE BEAST,114
DVD,DIRTY DANCING,115
DVD,E.T. THE EXTRA-TERRESTRIAL,116
DVD,DUMB AND DUMBER,117
DVD,PRIMAL FEAR,118
DVD,HOW TO SUCCEED IN BUSINESS WITHOUT REALLY TRYING,119
DVD,IN LIKE FLINT,120
DVD,SLEEPERS,121
DVD,COOL RUNNINGS,122
DVD,KUNG POW!,123
DVD,BACK TO THE FUTURE I,124
DVD,BACK TO THE FUTURE II,125
DVD,BACK TO THE FUTURE III,126
DVD,ARSENIC AND OLD LACE,127
DVD,BOURNE IDENTITY - THE,128
DVD,CAROUSEL,129
DVD,DAY THE EARTH STOOD STILL - THE,130
DVD,FIDDLER ON THE ROOF,131
DVD,GUYS AND DOLLS,132
DVD,HARRY POTTER AND THE CHAMBER OF SECRETS,133
DVD,JOURNEY TO THE CENTER OF THE EARTH,134
DVD,MR. DESTINY,135
DVD,TERMINATOR 2 - JUDGEMENT DAY,136
DVD,WHO'S HARRY CRUMB?,137
DVD,LILO & STITCH,138
DVD,FIRST WIVES CLUB - THE,139
DVD,COLOR PURPLE - THE,140
DVD,JESUS CHRIST SUPERSTAR,141
DVD,WIZARD OF OZ - THE,142
DVD,WILLY WONKA & THE CHOCOLATE FACTORY,143
DVD,CABARET,144
DVD,ALL THAT JAZZ,145
DVD,MONSTERS - INC.,146
DVD,SWORDFISH,147
DVD,CATCH ME IF YOU CAN,148
DVD,HAIR,149
DVD,PALEFACE - THE,150
DVD,SLINGBLADE,151
DVD,ORDINARY PEOPLE,152
DVD,FAMILY GUY (SEASONS 1 & 2),153
DVD,CHICAGO,154
DVD,INDIANA JONES - RAIDERS OF THE LOST ARK,155
DVD,INDIANA JONES - TEMPLE OF DOOM,156
DVD,INDIANA JONES - LAST CRUSADE,157
DVD,INDIANA JONES - BONUS MATERIAL,158
DVD,POINT OF NO RETURN,159
DVD,BEDAZZLED,160
DVD,NIGHT OF THE LIVING DEAD,161
DVD,CHARADE,162
DVD,YOUNG FRANKENSTEIN,163
DVD,MY FAIR LADY,164
DVD,LEMON DROP KID - THE,165
DVD,NIGHTSHIFT,166
DVD,OKLAHOMA,167
DVD,POSEIDON ADVENTURE - THE,168
DVD,SAVING SILVERMAN,169
DVD,SEINFELD - JERRY - LIVE ON BROADWAY,170
DVD,SIGNS,171
DVD,SOUTH PACIFIC,172
DVD,STATE FAIR,173
DVD,TAKING CARE OF BUSINESS,174
DVD,TOMB RAIDER - LARA CROFT,175
DVD,VOYAGE TO THE BOTTOM OF THE SEA & FANTASTIC VOYAGE,176
DVD,CHORUS LINE - A,177
DVD,ROAD TRIP,178
DVD,SON OF PALEFACE,179
DVD,CONNECTIONS 1  - VOLUMES 1  - 10 (5 DVDs),180
DVD,FREQUENCY,181
DVD,A FEW GOOD MEN,182
DVD,CORE - THE,183
DVD,HATARI !,184
DVD,HELLO DOLLY !,185
DVD,PHENOMENON,186
DVD,PRODUCERS - THE,187
DVD,WIZ - THE,188
DVD,FISH CALLED WANDA - A,189
DVD,GO,190
DVD,CHITTY CHITTY BANG BANG,191
DVD,REMO WILLIAMS - THE ADVENTURE BEGINS,192
DVD,BREAKIN' 2,193
DVD,BULL DURHAM,194
DVD,DON JUAN DEMARCO,195
DVD,MOULIN ROUGE,196
DVD,MONSTER,197
DVD,RUNAWAY JURY,198
DVD,SEABISCUIT,199
DVD,YOU GOT SERVED,200
DVD,BUTTERFLY EFFECT - THE,201
DVD,MAVERICK,202
DVD,MY BOSS'S DAUGHTER,203
DVD,MONTE PYTHON AND THE HOLY GRAIL,204
DVD,RADIO,205
DVD,STAND - THE,206
DVD,WIZARD OF OZ - THE STAGE PLAY,207
DVD,FUGITIVE - THE,208
DVD,GODZILLA,209
DVD,KILLER KLOWNS FROM OUTER SPACE,210
DVD,DAY AFTER TOMORROW - THE,211
DVD,MASK,212
DVD,TOMMY BOY,213
DVD,ARLINGTON ROAD,214
DVD,MAN THAT KNEW TOO LITTLE - THE,215
DVD,FIELD OF DREAMS,216
DVD,MISS CONGENIALITY,217
DVD,DOUBLE JEOPARDY,218
DVD,BEETLEJUICE,219
DVD,TWILIGHT ZONE COLLECTION 1 - THE (9 VOL 35 EPISODES),220
DVD,TAPS,221
DVD,SPACE COWBOYS,222
DVD,VOLCANO,223
DVD,VERTICAL LIMIT,224
DVD,GRUMPY OLD MEN,225
DVD,20-000 LEAGUES UNDER THE SEA,226
DVD,ALL THE PRESIDENT'S MEN,227
DVD,AFTER HOURS,228
DVD,KISS THE GIRLS,229
DVD,SPECIES,230
DVD,AND JUSTICE FOR ALL,231
DVD,ZOOT SUIT,232
DVD,RENAISSANCE MAN,233
DVD,TERMINATOR 3 - RISE OF THE MACHINES,234
DVD,HELTER SKELTER,235
DVD,WESTWORLD,236
DVD,VEGAS VACATION,237
DVD,LEAN ON ME,238
DVD,BUFFY THE VAMPIRE SLAYER,239
DVD,FOOTLOOSE,240
DVD,SIXTH SENSE - THE,241
DVD,ROCKY HORROR PICTURE SHOW - THE,242
DVD,DEVIL'S ADVOCATE,243
DVD,GAME - THE,244
DVD,DIE HARD,245
DVD,TOTAL RECALL,246
DVD,WITH HONORS,247
DVD,THIRTEEN GHOSTS,248
DVD,ODD COUPLE - THE,249
DVD,DAMN YANKEES,250
DVD,AWAKENINGS,251
DVD,BIG TROUBLE,252
DVD,COMA,253
DVD,STEEL MAGNOLIAS,254
DVD,BODY DOUBLE,255
DVD,TRADING PLACES,256
DVD,DIRTY DOZEN - THE,257
DVD,FAST TIMES AT RIDGEMONT HIGH,258
DVD,LEGENDS OF BASEBALL,259
DVD,AT WAR WITH THE ARMY,260
DVD,MY FAVORITE BRUNETTE,261
DVD,GRUMPIER OLD MEN,262
DVD,FINDING NEMO,263
DVD,MAJOR LEAGUE,264
DVD,NATURAL - THE,265
DVD,WHAT LIES BENEATH,266
DVD,NAPOLEON DYNAMITE,267
DVD,NATIONAL TREASURE,268
DVD,FLASHDANCE,269
DVD,L.A. STORY,270
DVD,POLTERGEIST,271
DVD,TOMB RAIDER - CRADLE OF LIFE,272
DVD,K-PAX,273
DVD,FUNNY FACE,274
DVD,FIRM - THE,275
DVD,STARWARS  - EPISODE 3,276
DVD,CHARLIE AND THE CHOCOLATE FACTORY,277
DVD,NAKED GUN - THE,278
DVD,FAMILY GUY - STEWIE GRIFFIN: THE UNTOLD STORY,279
DVD,RED DRAGON,280
DVD,FLETCH,281
DVD,SNEAKERS,282
DVD,TWISTER,283
DVD,FACE/OFF,284
DVD,PAY IT FORWARD,285
DVD,CADDYSHACK,286
DVD,I - ROBOT,287
DVD,WAR OF THE WORLDS,288
DVD,WEDDING CRASHERS,289
DVD,MEAN GIRLS,290
DVD,WALLACE & GROMIT-GRAND DAY OUT - WRONG TROUSERS & CLOSE SHAVE,291
DVD,GIRL - INTERUPTED,292
DVD,RINGER - THE,293
DVD,DEUCE BIGALOW - MALE GIGOLO,294
DVD,RED EYE,295
DVD,FERRIS BUELLER'S DAY OFF,296
DVD,WAYNE'S WORLD,297
DVD,STRIPES,298
DVD,HEAVEN CAN WAIT,299
DVD,VAN WILDER,300
DVD,ORANGE COUNTY,301
DVD,ITALIAN JOB - THE,302
DVD,JERK - THE,303
DVD,ILLUSIONIST - THE,304
DVD,PRESTIGE - THE,305
DVD,DA VINCI CODE - THE,306
DVD,ISLAND - THE,307
DVD,DEAD POETS SOCIETY,308
DVD,JUMANJI,309
DVD,TOP GUN,310
DVD,DREAMGIRLS,311
DVD,GOOD FOOD GUY AND THE DOO DOO KING,312
DVD,POSEIDON,313
DVD,V IS FOR VENDETTA,314
DVD,LASSIE (w/ MR. ED),315
DVD,RIDING THE BULLET,316
DVD,STORM OF THE CENTURY,317
DVD,DR. DOLITTLE 2,318
DVD,TOMMYKNOCKERS - THE,319
DVD,TRUE LIES,320
DVD,BEVERLY HILLS NINJA,321
DVD,ENEMY OF THE STATE,322
DVD,50 FIRST DATES,323
DVD,TIN CUP,324
DVD,STUART LITTLE,325
DVD,A LEAGUE OF THEIR OWN,326
DVD,OUTBREAK,327
DVD,TRUMAN SHOW - THE,328
DVD,SAVING PRIVATE RYAN,329
DVD,SILENCE OF THE LAMBS (w/ HANNIBAL),330
DVD,STARWARS - EPISODE 1,331
DVD,STARWARS - EPISODE 2,332
DVD,STARWARS - EPISODE 4,333
DVD,STARWARS - EPISODE 5,334
DVD,STARWARS - EPISODE 6,335
DVD,STAR TREK 1: THE MOTION PICTURE,336
DVD,STAR TREK 2: THE WRATH OF KHAN,337
DVD,STAR TREK 3: THE SEARCH FOR SPOCK,338
DVD,STAR TREK 4: THE VOYAGE HOME,339
DVD,STAR TREK 5: THE FINAL FRONTIER,340
DVD,STAR TREK 6: THE UNDISCOVERED COUNTRY,341
DVD,A HISTORY OF VIOLENCE,342
DVD,CONTACT,343
DVD,PELICAN BRIEF - THE,344
DVD,CLIENT - THE,345
DVD,A TIME TO KILL,346
DVD,DREAMCATCHER,347
DVD,MILLION DOLLAR BABY,348
DVD,HOT FUZZ,349
DVD,CORKY ROMANO,350
DVD,NO WAY OUT,351
DVD,TEENAGE MUTANT NINJA TURTLES: 3-PAK,352
DVD,ALIEN  - QUADRILOGY (9 DISCS),353
DVD,CHRISTMAS TELEVISION CLASSICS (8 FAVORITES),354
DVD,CHRISTMAS CLASSICS (7 ORIGIANL CLASSICS),355
DVD,1776,356
DVD,HERE COMES MR. JORDAN,357
DVD,PATCH ADAMS,358
DVD,GUY THING - A,359
DVD,GYPSY,360
DVD,GYPSY (MIDLER),361
DVD,RENT (T),362
DVD,TAKE THE LEAD,363
DVD,ALL THE RIGHT MOVES,364
DVD,BLOOPER BONANZA TV 60's,365
DVD,SATURDAY NIGHT FEVER,366
DVD,CENTER STAGE,367
DVD,BILL & TED'S EXCELLENT ADVENTURE,368
DVD,MINORITY REPORT,369
DVD,RAINMAN,370
DVD,TERMINAL - THE,371
DVD,MEN OF HONOR (w/ BROKEN ARROW),372
DVD,OCEAN'S ELEVEN,373
DVD,DOWN PERISCOPE (w/ PUSHING TIN),374
DVD,PAPER CHASE - THE,375
DVD,FAME,376
DVD,BONE COLLECTOR - THE,377
DVD,WHITE NIGHTS,378
DVD,COPYCAT,379
DVD,BLADES OF GLORY,380
DVD,MAN OF THE YEAR,381
DVD,BOSTON PUBLIC (ALL EPISODES),382
DVD,FRACTURED,383
DVD,HAIRSPRAY,384
DVD,DIE HARD - LIVE FREE,385
DVD,COVENANT - THE (T),386
DVD,DON KNOTTS - GHOST AND MR. CHICKEN - THE,387
DVD,DON KNOTTS - RELUCTANT ASTRONAUT - THE,388
DVD,DON KNOTTS - SHAKIEST GUN IN THE WEST - THE,389
DVD,DON KNOTTS - LOVE GOD? - THE,390
DVD,YOU GOT SERVED  - TAKE IT TO THE STREETS,391
DVD,NUMBER 23 - THE,392
DVD,DISTURBIA,393
DVD,UNIVERSAL SOLDIER THE RETURN,394
DVD,LEVIATHON,395
DVD,VILLAGE - THE,396
DVD,PRODUCERS - THE (ORIGINAL),397
DVD,SUSPECT ZERO,398
DVD,MR. BROOKS,399
DVD,LADY IN THE WATER,400
DVD,DARK WATER,401
DVD,GRUDGE - THE,402
DVD,RING - THE,403
DVD,OXYGEN,404
DVD,HEARTS IN ATLANTIS,405
DVD,HOSTEL,406
DVD,IDIOCRACY,407
DVD,REIGN OVER ME,408
DVD,RATATOUILLE,409
DVD,I AM LEGEND,410
DVD,NEVER BEEN KISSED,411
DVD,EVER AFTER,412
DVD,ERASER (w/ EXTREME ACTION),413
DVD,LAST BOYSCOUT - THE (w/ EXTREME ACTION),414
DVD,PASSENGER 57 (w/ EXTREME ACTION),415
DVD,POINT OF NO RETURN (w/ EXTREME ACTION),416
DVD,KNIGHTS TALE - A (T),417
DVD,BRADY BUNCH MOVIE - THE,418
DVD,PAYCHECK,419
DVD,I SPY (w/ S.W.A.T.),420
DVD,S.W.A.T. (w/ I SPY),421
DVD,FANTASTIC VOYAGE (w/ VOYAGE TO THE BOTTOM OF THE SEA),422
DVD,HANNIBAL (w/ SILENCE OF THE LAMBS),423
DVD,BROKEN ARROW (w/ MEN OF HONOR),424
DVD,MR. ED (w/ LASSIE),425
DVD,PUSHING TIN (w/ DOWN PERISCOPE),426
DVD,LITTLE GIRL WHO LIVES DOWN THE LANE - THE,427
DVD,BRIAN'S SONG,428
DVD,SUSPECT,429
DVD,OPPORTUNITY KNOCKS,430
DVD,KENTUCKY FRIED MOVIE,431
DVD,UNBREAKABLE,432
DVD,SPINAL TAP - THIS IS,433
DVD,MICHAEL JORDAN: COME FLY WITH ME,434
DVD,SEVEN,435
DVD,BORN YESTERDAY,436
DVD,CHAPLIN,437
DVD,CRASH,438
DVD,HITCH,439
DVD,DRACULA,440
DVD,CUTTING EDGE,441
DVD,INDIANA JONES AND THE CRYSTAL SKULLS,442
DVD,HAPPENING - THE,443
DVD,WHITE CHICKS,444
DVD,IRON MAN,445
DVD,THAT THING YOU DO,446
DVD,POWDER,447
DVD,LET'S GO TO PRISON,448
DVD,AVIATOR,449
DVD,MAN IN THE IRON MASK - THE,450
DVD,OLIVER TWIST,451
DVD,AUNTIE MAME,452
DVD,COUNT OF MONTE CRISTO - THE,453
DVD,IT,454
DVD,MISERY,455
DVD,SALEM'S LOT,456
DVD,SHINING - THE,457
DVD,THING - THE,458
DVD,TIME MACHINE - THE,459
DVD,FORGETTING SARAH MARSHALL,460
DVD,HANCOCK,461
DVD,SHREK,462
DVD,YOU DON'T MESS WITH THE ZOHAN,463
DVD,HOUSE BUNNY - THE,464
DVD,NATIONAL TREASURE 2 - BOOK OF SECRETS,465
DVD,WANTED,466
DVD,BAD SANTA,467
DVD,TRAITOR,468
DVD,EAGLE EYE,469
DVD,TROPIC THUNDER,470
DVD,SEVEN POUNDS,471
DVD,STEP BROTHERS,472
DVD,HOUDINI,473
DVD,WHITE NOISE,474
DVD,FLY COLLECTION - THE FLY,475
DVD,FLY COLLECTION - RETURN OF THE FLY,476
DVD,FLY COLLECTION - CURSE OF THE FLY,477
DVD,BATMAN - DARK NIGHT - THE,478
DVD,21,479
DVD,I NOW PRONOUNCE YOU CHUCK & LARRY,480
DVD,ANGELS IN THE OUTFIELD,481
DVD,40-YEAR-OLD VIRGIN - THE,482
DVD,48 HOURS,483
DVD,A SHOT IN THE DARK,484
DVD,BUTTERFLY EFFECT 3 - THE,485
DVD,CHARLY,486
DVD,CHEAPER BY THE DOZEN,487
DVD,CLASS,488
DVD,DAY OF THE DEAD,489
DVD,DAY THE EARTH STOOD STILL - THE (2008),490
DVD,DEEP IMPACT,491
DVD,DESPERADO,492
DVD,JAWS,493
DVD,LOST BOYS 2,494
DVD,LOVE AND DEATH,495
DVD,MANHUNTER,496
DVD,NEXT,497
DVD,PARENTHOOD,498
DVD,PINEAPPLE EXPRESS,499
Blu-ray,RUDY (BR),500
DVD,SAW,501
DVD,SCARY MOVIE 4,502
DVD,SEEMS LIKE OLD TIMES,503
DVD,SILVERSTREAK,504
DVD,SLUMDOG MILLIONAIRE,505
DVD,SPLASH,506
Blu-ray,STARGATE (BR),507
DVD,GREAT RACE - THE,508
DVD,MAN WITH TWO BRAINS - THE,509
DVD,WILD THINGS,510
DVD,WRESTLER - THE,511
DVD,YES MAN,512
DVD,BOONDOCK SAINTS - THE (T),513
DVD,GREAT MOUSE DETECTIVE - THE (T),514
DVD,HAPPY FEET (T),515
DVD,HARRY POTTER & GOBLET OF FIRE (T),516
DVD,HERE COMES PETER COTTONTAIL (T),517
DVD,HOODWINKED (T),518
DVD,LABYRINTH (T),519
DVD,MEET THE ROBINSONS (T),520
DVD,RAINBOW BRITE & THE STAR STEALER (T),521
DVD,ROBIN HOOD: MEN IN TIGHTS (T),522
DVD,SPORTS A RAMA 2006 (T),523
DVD,STEP UP 1 (T),524
DVD,STEP UP 2 (T),525
DVD,TWILIGHT (T),526
DVD,BACKDRAFT,527
DVD,BEVERLY HILLS COP,528
DVD,FIVE PENNIES,529
DVD,SAILOR BEWARE,530
DVD,THAT'S MY BOY,531
DVD,GRAN TORINO,532
DVD,FIVE PEOPLE YOU MEET IN HEAVEN,533
DVD,IN & OUT,534
DVD,BOY - DID I GET A WRONG NUMBER!,535
DVD,TAKEN,536
DVD,SLEEPER,537
DVD,BANANAS,538
DVD,FANCY PANTS,539
DVD,MAMMA MIA!,540
DVD,TOPPER / TOPPER RETURNS,541
DVD,EVERYTHING...SEX,542
Blu-ray,INDEPENDENCE DAY (BR),543
DVD,SUPERBAD,544
DVD,FOR LOVE OF THE GAME,545
DVD,MR BLANDINGS BUILDS HIS DREAM HOUSE,546
DVD,COURT JESTER - THE,547
DVD,MASH (THE COMPLETE SERIES 36 DISC SET),548
DVD,I LOVE LUCY (THE COMPLETE SERIES),549
DVD,AUGUST RUSH,550
DVD,STEVEN WRIGHT  - WHEN THE LEAVES BLOW AWAY,551
DVD,WHITE CHRISTMAS,552
DVD,DODGEBALL: A TRUE UNDERDOG STORY,553
DVD,HANS CHRISTIAN ANDERSON,554
DVD,DAN IN REAL LIFE,555
DVD,11:14,556
DVD,ZOOLANDER,557
DVD,KNOWING,558
DVD,JOE DIRT,559
DVD,DR. STRANGELOVE,560
DVD,DEXTER SEASON 1 (4 DISC),561
DVD,DEXTER SEASON 2 (4 DISC),562
DVD,MILK,563
DVD,MARLEY AND ME,564
DVD,EUROTRIP,565
DVD,AMERICAN PIE,566
DVD,MY BEST FRIEND'S GIRL,567
DVD,ALONG CAME A SPIDER,568
DVD,DON'T SAY A WORD,569
DVD,FATAL ATTRACTION,570
DVD,DISCLOSURE,571
DVD,ANGER MANAGEMENT,572
DVD,BRUCE ALMIGHTY,573
DVD,TRANSFORMERS,574
DVD,FANTASTIC FOUR,575
DVD,ABSENCE OF MALICE,576
DVD,APPALOOSA,577
DVD,ME - MYSELF & IRENE,578
DVD,GIA,579
DVD,MISS MARCH,580
DVD,HEARTBREAK KID - THE,581
DVD,BIO-DOME,582
DVD,SON IN LAW,583
DVD,IN THE ARMY NOW,584
DVD,JURY DUTY,585
DVD,PUSH,586
DVD,18 AGAIN,587
DVD,ENCINO MAN,588
DVD,EXPRESS - THE,589
DVD,BRIDE WARS,590
DVD,TWINS,591
DVD,BRAVE ONE - THE,592
DVD,STALAG 17,593
DVD,FLIGHTPLAN,594
DVD,AIRPORT,595
DVD,AIRPORT 75,596
DVD,NAKED STATES,597
DVD,17 AGAIN,598
DVD,TOWERING INFERNO - THE,599
DVD,CELLULAR,600
DVD,OLD SCHOOL,601
DVD,BOURNE ULTIMATUM - THE,602
DVD,BLUES BROTHERS,603
DVD,UNIVERSAL SOLDIER,604
DVD,COLUMBO SEASON 1 (3 DISC),605
DVD,STARMAN,607
DVD,SOLOIST - THE,608
DVD,CURIOUS CASE OF BENJAMIN BUTTON - THE,609
DVD,ANCHORMAN,610
DVD,APOLLO 13,611
DVD,RISKY BUSINESS,612
DVD,GOOD NEIGHBOR SAM,613
DVD,FOREVER YOUNG,614
DVD,SPIES LIKE US,615
DVD,TIMECOP,616
DVD,CONSPIRACY THEORY,617
DVD,BEDTIME STORIES,619
DVD,PEE-WEE'S BIG ADVENTURE,620
DVD,RICH MAN - POOR MAN,621
DVD,MISTER ROBERTS,622
DVD,MCMILLAN & WIFE SEASON 1 (4 DISC),623
DVD,LIONS FOR LAMBS,627
DVD,FIGHT CLUB,628
DVD,MR. & MRS. SMITH,629
DVD,MEET JOE BLACK,630
DVD,SPIDER-MAN,631
DVD,SPIDER-MAN 2,632
DVD,TRANSFORMER 2,633
DVD,SPIDER-MAN 3,634
DVD,CHUCK SEASON 1 (4 DISC),635
DVD,DOUBLE IMPACT,639
DVD,TOMBSTONE,640
DVD,BABE,641
DVD,MISSION TO MARS,642
DVD,RED PLANET,643
DVD,WILD WILD WEST,644
DVD,U-571,645
DVD,SEINFELD (COMPLETE SERIES 32-DISC),646
Blu-ray,CHUCK SEASON 1 (BR),647
DVD,HUNT FOR RED OCTOBER - THE,648
DVD,SCANNERS,649
DVD,CATS,650
DVD,A LITTLE PRINCESS,651
DVD,MY FAVORITE WIFE,652
DVD,BEST IN SHOW,653
DVD,BOLT,654
DVD,TO KILL A MOCKINGBIRD,655
DVD,BACK TO SCHOOL,656
DVD,12 ANGRY MEN,657
DVD,GET SMART,658
DVD,HOOK,659
DVD,HOCUS POCUS,660
DVD,HANGOVER,661
DVD,TAKING OF PELHAM 1 2 3 - THE,662
DVD,MATILDA,663
DVD,HOW THE GRINCH STOLE XMAS,664
DVD,WITCHES - THE,665
DVD,MONSTERS VS. ALIENS,666
DVD,NEW GUY - THE,667
DVD,JAMES AND THE GIANT PEACH,668
DVD,DEATH RACE,669
DVD,MIRACLE ON 34TH STREET,670
DVD,RETURN TO OZ,671
DVD,TOMMY,672
DVD,THOROUGHLY MODERN MILLIE,673
DVD,BYE BYE BIRDIE,674
DVD,GREASE,675
DVD,INGLOURIOUS BASTERDS,676
DVD,BREAKING AWAY,677
DVD,YEAR ONE,678
DVD,VARSITY BLUES,679
DVD,GIRL NEXT DOOR - THE,680
DVD,SOUND OF MUSIC - THE,682
DVD,EASTER PARADE,684
DVD,SEVEN BRIDES FOR SEVEN BROTHERS,686
DVD,MUSIC MAN,687
DVD,AN AMERICAN IN PARIS,688
DVD,JANE EYRE,690
DVD,ON THE TOWN,691
DVD,TROUBLE IN PARADISE,692
DVD,PIPPIN,693
DVD,FOSSE,694
DVD,SWEET CHARITY,695
DVD,PUMP UP THE VOLUME,696
DVD,STAR TREK SEASON 1 (10 DISC),697
Blu-ray,AUGUST RUSH (BR),704
DVD,UP IN THE AIR,707
DVD,HOT CHICK - THE,709
DVD,DEEP BLUE SEA,710
DVD,BEAUTIFUL MIND - A,711
DVD,MICHAEL JACKSONS THIS IS IT,712
DVD,RUTHLESS PEOPLE,713
DVD,CINDERELLA,714
DVD,THOMAS CROWN AFFAIR - THE,715
DVD,IMMORTAL BELOVED,716
DVD,CINDERELLA (BRANDY),717
DVD,NIGHTMARE BEFORE XMAS - THE,718
DVD,SEX AND THE CITY (THE MOVIE),719
DVD,BLADE TRINITY,720
DVD,SLEEPWALKERS,721
DVD,VIRUS,722
DVD,TRIAL AND ERROR,723
DVD,INVASION OF THE BODY SNATCHERS,724
DVD,INVASION OF THE BODY SNATCHERS (RE-MAKE),725
DVD,BIRDS - THE,726
DVD,WAR OF THE WORLDS (1953),727
DVD,LEGALLY BLONDE,728
DVD,BLIND SIDE - THE,729
DVD,LEGALLY BLONDE 2,730
DVD,BRING IT ON,731
DVD,COYOTE UGLY,732
DVD,SHERLOCK HOLMES,733
DVD,ACROSS THE UNIVERSE,734
DVD,MATRIX - THE,735
DVD,WAITING FOR GUFFMAN,736
DVD,LADY AND THE TRAMP,737
Blu-ray,ARMAGEDDON (BR),738
DVD,SLEEPING BEAUTY,739
DVD,CLUELESS,740
DVD,SOYLENT GREEN,741
DVD,EARTHQUAKE,742
DVD,SKELETON KEY - THE,743
DVD,BATMAN,744
DVD,GREATEST SHOW ON EARTH - THE,745
DVD,BOURNE SUPREMACY,746
DVD,SPACE JAM,747
DVD,A WALK TO REMEMBER,748
DVD,JUNGLE BOOK,749
DVD,WILLOW,750
DVD,BATMAN & ROBIN,751
DVD,BATMAN FOREVER,752
DVD,BATMAN RETURNS,753
DVD,PETER PAN,754
DVD,ROBIN HOOD,755
DVD,TAKE THE MONEY AND RUN,756
DVD,MIRACLE MILE,757
DVD,BIG,758
DVD,FOX AND THE HOUND - THE,759
DVD,SURE THING - THE,760
DVD,NIGHT GALLERY S1 D1,761
DVD,NEVER BACK DOWN,762
DVD,BULLETPROOF MONK,763
DVD,SWORD AND THE STONE - THE,764
DVD,WACKIEST SHIP IN THE ARMY - THE,765
DVD,CHINA SYNDROME - THE,766
DVD,SHAUN OF THE DEAD,767
DVD,FLATLINERS,770
DVD,CITIZEN KANE,771
DVD,101 DALMATIONS,772
DVD,SHE'S OUT OF MY LEAGUE,774
DVD,ONLY ANGELS HAVE WINGS,775
DVD,MR. SMITH GOES TO WASHINGTON,776
DVD,ARISTOCATS,777
DVD,WAG THE DOG,778
DVD,ENCHANTED,779
DVD,DICK VAN DYKE (ALL 5 SEASONS),780
DVD,PINOCCHIO,781
DVD,HISTORY OF THE WORLD - PART 1,782
DVD,CHANGELING,783
DVD,HERCULES,784
DVD,SILENT MOVIE,785
DVD,ROBIN HOOD: MEN IN TIGHTS,786
DVD,OFFICE SPACE,787
DVD,POCAHONTAS,788
DVD,HIGH ANXIETY,789
DVD,BOOK OF ELI,790
DVD,DOGMA,791
DVD,LOST HORIZON,792
DVD,OF MICE AND MEN,793
DVD,SHES THE MAN,794
DVD,ERIN BROCKOVICH,795
DVD,MULAN,796
DVD,CROSSING OVER,797
DVD,HEAVENLY KID - THE,798
DVD,DEXTER SEASON 3 (4 DISC),799
Blu-ray,CHUCK SEASON 2 (BR),800
DVD,RESCUERS DOWN UNDER,803
DVD,REMEMBER THE TITANS,804
DVD,CLOSE ENCOUNTERS OF THE 3RD KIND,805
DVD,BAD LIEUTENANT,806
DVD,BLOOD WORK,807
DVD,HUNCHBACK OF NOTRE DAME (DISNEY),808
DVD,HOT TUB TIME MACHINE,809
DVD,TAKING LIVES,810
DVD,BENNY AND JOON,811
DVD,RESCUERS,813
DVD,OVERBOARD,814
DVD,JUST ONE OF THE GUYS,815
DVD,ABSOLUTE POWER,816
DVD,SEARCHING FOR BOBBY FISCHER,817
DVD,BORAT,818
DVD,ADVENTURES IN BABYSITTING,819
DVD,TRUE BLOOD SEASON 1 (5 DISC) (T),820
DVD,TRUE BLOOD SEASON 2 (5 DISC) (T),821
DVD,TARZAN,822
DVD,JURASSIC PARK,823
